age_group,thalach,trestbps,chol,num_male_patients,num_female_patients
"(30, 40]",167.0625,125.25,218.1875,6,0
"(40, 50]",158.72602739726028,124.08219178082192,237.46575342465752,21,1
"(50, 60]",147.896,133.752,249.176,51,12
"(60, 70]",137.5441176470588,136.23529411764707,260.8235294117647,30,9
"(70, 80]",136.0,127.83333333333333,247.66666666666666,1,0
